"platform";"dosya";"ekran";"rol";"rota";"cekim_zamani";"genislik";"yukseklik";"sha256"
"web";"web/001-ana-sayfa-ziyaretci.png";"Ana sayfa — ziyaretçi";"ziyaretci";"/";"2026-10-01T16:54:59.259Z";"1440";"1000";"88bfb354e4397248d0e29a016d41e3753b0fafb8c0ada2421e0fc5bf4d414844"
"web";"web/002-giris.png";"Giriş";"ziyaretci";"/giris";"2026-10-01T16:54:59.836Z";"1440";"1000";"6962b9d812d203570a56e57ebab6240eecf3db4e998ce65f6f35658ca6a6c033"
"web";"web/003-kayit-kimlik-ve-rizalar.png";"Kayıt — kimlik ve rızalar";"ziyaretci";"/kayit";"2026-10-01T16:55:00.417Z";"1440";"1000";"ad593f730e865179d5d523c4587a47dbdc4210cd95ea8621774397cf625ef2c7"
"web";"web/004-kayit-aydinlatma-ve-onaylar.png";"Kayıt — aydınlatma ve onaylar";"ziyaretci";"/kayit";"2026-10-01T16:58:39.975Z";"1440";"1000";"9692c4ebca9a8ceb4e821690b03f7fc0aa7574c53c48440187a277a0e08a4b7d"
"web";"web/005-konular.png";"Konular";"ziyaretci";"/konular";"2026-10-01T16:55:01.598Z";"1440";"1000";"f7df5ec2c9723850568ec750f37447a3700bf69beff05b0694c15cbf332d6b17"
"web";"web/006-konu-ayrintisi-ve-alt-konular.png";"Konu ayrıntısı ve alt konular";"ziyaretci";"/konular/ccf09cf5-96e1-4d73-93c4-ee48c7e693b0";"2026-10-01T16:55:02.208Z";"1440";"1000";"cec2d26aee57d546a46985bfdef8d14255ed6e72a950f2cb6235d20220478aa1"
"web";"web/007-oneriler-acik-7.png";"Öneriler — Açık 7";"ziyaretci";"/oneriler";"2026-10-01T16:55:03.138Z";"1440";"1000";"8c7e704ed6677309f6b433bb5fc1698d52ef6db948981217126bbaa527fe4df1"
"web";"web/008-oneriler-destek-bekleyen-1.png";"Öneriler — Destek bekleyen 1";"ziyaretci";"/oneriler?sekme=destek";"2026-10-01T16:55:03.192Z";"1440";"1000";"cbde5ee42ac8003eb9a9c561f53aea2bfc887b24fc580479b2b6ebf2e7eacb3e"
"web";"web/009-oneriler-tartismada-1.png";"Öneriler — Tartışmada 1";"ziyaretci";"/oneriler?sekme=tartisma";"2026-10-01T16:55:03.259Z";"1440";"1000";"43fa7bd96c1021823a99c7964b4975e4ca70d3aef82903bbb2a2851445cab328"
"web";"web/010-oneriler-oylamada-3.png";"Öneriler — Oylamada 3";"ziyaretci";"/oneriler?sekme=oylama";"2026-10-01T16:55:03.320Z";"1440";"1000";"0c0c5531666cb6d23761c7e2a9913a0474b39dc40aea07544803a24bae00e8e1"
"web";"web/011-oneriler-itiraz-ve-uzlasma-2.png";"Öneriler — İtiraz ve uzlaşma 2";"ziyaretci";"/oneriler?sekme=itiraz";"2026-10-01T16:55:03.384Z";"1440";"1000";"68898f3fbd9f7754b203a9953fbd6cf70d3584b9b53e7e00bcf76debe70c63a7"
"web";"web/012-oneriler-kabul-edilen-17.png";"Öneriler — Kabul edilen 17";"ziyaretci";"/oneriler?sekme=kabul";"2026-10-01T16:55:03.449Z";"1440";"1000";"53c249370065a58a81d0ab2ae85cfd34588b77a7bab779ce81064668a7978b7f"
"web";"web/013-oneriler-reddedilen-7.png";"Öneriler — Reddedilen 7";"ziyaretci";"/oneriler?sekme=red";"2026-10-01T16:55:03.524Z";"1440";"1000";"82fa970a3eb684c3a4087f5cae8918523ffc79216c5ca696dd5409903e6fc5e4"
"web";"web/014-oneriler-tumu-33.png";"Öneriler — Tümü 33";"ziyaretci";"/oneriler?sekme=tumu";"2026-10-01T16:55:03.602Z";"1440";"1000";"a5afe2a2467f9dea06985ed0faa51a4b36e26bc4dd1e1b52235d9b10bc885b8b"
"web";"web/015-ana-sayfa-uye.png";"Ana sayfa — üye";"ayse";"/";"2026-10-01T16:55:04.254Z";"1440";"1000";"1fdbd46a61e06df0abf6a7c8c7009b4e34886a981ad3c99e8151a3d35700dfbf"
"web";"web/016-yeni-oneri-tur-secimi.png";"Yeni öneri — tür seçimi";"ayse";"/oneriler/yeni";"2026-10-01T16:55:05.148Z";"1440";"1000";"b09c1da7bab909c5f5160060653e7d46057bc2c0fb362ecfd106e38bd424545c"
"web";"web/017-yeni-oneri-yeni-konu.png";"Yeni öneri — Yeni konu";"ayse";"/oneriler/yeni?tur=topic";"2026-10-01T16:55:06.047Z";"1440";"1000";"ed3857a0be4bf9e7769e5065ee30c1e9c67e0f10acad83a2e294f585954af3ab"
"web";"web/018-yeni-oneri-alt-konu.png";"Yeni öneri — Alt konu";"ayse";"/oneriler/yeni?tur=subtopic&konu=ccf09cf5-96e1-4d73-93c4-ee48c7e693b0";"2026-10-01T16:55:06.943Z";"1440";"1000";"aae2f8971503a108cc935fe6b1d11abf3b3e4c94c37b085fb859f1bb9be36d4e"
"web";"web/019-yeni-oneri-duzenleme-teklifi.png";"Yeni öneri — Düzenleme teklifi";"ayse";"/oneriler/yeni?tur=amendment&konu=ccf09cf5-96e1-4d73-93c4-ee48c7e693b0";"2026-10-01T16:55:08.132Z";"1440";"1000";"f633aaa860b7fffec1d20ea2f03cbd1c128a686a11d6b2603d76a67b73d11b27"
"web";"web/020-yeni-oneri-silme-talebi.png";"Yeni öneri — Silme talebi";"ayse";"/oneriler/yeni?tur=deletion";"2026-10-01T16:55:09.034Z";"1440";"1000";"f367fdc6eb2e742e269e60af279446a930a63151ada74943a33ed8210bdc9bf9"
"web";"web/021-yeni-oneri-yonetmelik-degisikligi.png";"Yeni öneri — Yönetmelik değişikliği";"ayse";"/oneriler/yeni?tur=regulation";"2026-10-01T16:55:09.933Z";"1440";"1000";"4d75d7776386a482df858c11210c92bb9a594cd8ea584d487f395db0b7036ee0"
"web";"web/022-k34-draft.png";"K34 — draft";"ayse";"/oneriler/515e6729-3914-4395-ab5f-f288e13ec14d";"2026-10-01T16:55:10.559Z";"1440";"1000";"e666063c9ccafaa0d24a2248d773c4d79645ed3ae36308664c192135e4977c38"
"web";"web/023-k33-sponsoring.png";"K33 — sponsoring";"ayse";"/oneriler/00ae044b-e367-4fed-975b-a38ca01e5509";"2026-10-01T16:55:11.172Z";"1440";"1000";"c6920b825ecb69873f1a0540a6673af68d98407e3c6d2c0a2e52e99c785a0d5b"
"web";"web/024-k32-deliberation.png";"K32 — deliberation";"ayse";"/oneriler/ff5c12e9-e468-4799-b253-56710dce6014";"2026-10-01T16:55:11.811Z";"1440";"1000";"9ba98c98fb7a74b69b7d714dd998be154d7edf7f20889b58b37a4150a25586a9"
"web";"web/025-k30-voting.png";"K30 — voting";"ayse";"/oneriler/d0e46d47-3e72-40e4-ae29-01e00059fc92";"2026-10-01T16:55:12.428Z";"1440";"1000";"7c2c16e79ddf79baae29e704f22ed59dfd15ea910bef1eceda5ce03845ea0732"
"web";"web/026-k31-voting.png";"K31 — voting";"ayse";"/oneriler/1dad7a33-367c-4e67-82c2-b4c043a28424";"2026-10-01T16:55:13.056Z";"1440";"1000";"6fa27894faa418c1f0ad44ea8e51ef263da38d3f6e384a8acf89f1302e1e9d49"
"web";"web/027-k29-objection-window.png";"K29 — objection_window";"ayse";"/oneriler/f108f78a-3eed-4d5b-9726-bb3312f0aad1";"2026-10-01T16:55:13.680Z";"1440";"1000";"d4ee4e8c232c2bf0e3e3bc76025a6f4336d01ae110656ff3a02b3b226dc75586"
"web";"web/028-k28-reconciliation.png";"K28 — reconciliation";"ayse";"/oneriler/97e883d6-089a-4a2f-82b6-861ecf285990";"2026-10-01T16:55:14.330Z";"1440";"1000";"63d825ccb91a2c3577901e0a1f1e292f1dc807fb0abc5116eb3b70434d3a1b80"
"web";"web/029-k27-revote.png";"K27 — revote";"ayse";"/oneriler/29edc08a-7f5f-4b4c-a1b6-908e1d851318";"2026-10-01T16:55:14.983Z";"1440";"1000";"0845ef94fefb0560ce71c25334ec44c344c36ac79b3c07888ba534a307d927ce"
"web";"web/030-k24-enacted.png";"K24 — enacted";"ayse";"/oneriler/54fde918-a58e-4fb5-8a80-a1f764622fc8";"2026-10-01T16:55:15.641Z";"1440";"1000";"e46fb67aebfdec8c9839a52cf3743b3508d4a253fe41890df29c263184801df3"
"web";"web/031-k25-rejected.png";"K25 — rejected";"ayse";"/oneriler/9e031e82-d12f-4224-8ef5-70395dc10b23";"2026-10-01T16:55:16.260Z";"1440";"1000";"67420f3c6463d16dc891f28538d8150313f0f64738ee13992e704cf498b6c19d"
"web";"web/032-k22-inadmissible.png";"K22 — inadmissible";"ayse";"/oneriler/71cbeb8c-1193-46a8-a99b-62230ef9f650";"2026-10-01T16:55:16.880Z";"1440";"1000";"ba2a541ec4b4c7608ebe7fa57c95ee2543864369af950ffa876082ea7bb07933"
"web";"web/033-k23-inadmissible.png";"K23 — inadmissible";"ayse";"/oneriler/f72eb3a4-a041-494b-98ba-eba49cb68b7d";"2026-10-01T16:55:17.490Z";"1440";"1000";"e6bf9954a27b104ab367811e4e4647381e55198111fa09bc8a59f63a454d321a"
"web";"web/034-k6-expired.png";"K6 — expired";"ayse";"/oneriler/bc93bd36-32d8-4abf-8ee8-9ab29d9fc807";"2026-10-01T16:55:18.116Z";"1440";"1000";"39c76be2e9b4eae3a238e21b5ab249600d5854617d0491c432a7c66b9f236c91"
"web";"web/035-k26-withdrawn.png";"K26 — withdrawn";"ayse";"/oneriler/52dae6ee-ab71-41a9-9d58-52a21282b9df";"2026-10-01T16:55:18.736Z";"1440";"1000";"cf0df8b1e72c3685253ef87c05f13c31adfa156f7e288fd39d9e841c3a3077c6"
"web";"web/036-k21-enacted.png";"K21 — enacted";"ayse";"/oneriler/74bd0a41-84e8-4e9d-85e0-f621bf8bf80b";"2026-10-01T16:55:19.354Z";"1440";"1000";"493acdc098801f77f3d493e5061676617817d4559b5cb99fc8878d1acf180e3d"
"web";"web/037-k5-enacted.png";"K5 — enacted";"ayse";"/oneriler/ed8de718-61da-41b8-9afb-038a022af29a";"2026-10-01T16:55:19.992Z";"1440";"1000";"10f9bb91bd57250036db15408346e363509529fbb355568cb1428a434bdc3ad4"
"web";"web/038-k7-enacted.png";"K7 — enacted";"ayse";"/oneriler/e76ebf56-49b2-4ddd-a231-ef9538d4a60a";"2026-10-01T16:55:20.629Z";"1440";"1000";"91d9452d0cee45b7681271eb1318b20a3d9b98c9043caf717c178953bd146baf"
"web";"web/039-tartisma-ve-mesajlar.png";"Tartışma ve mesajlar";"ayse";"/oneriler/ff5c12e9-e468-4799-b253-56710dce6014";"2026-10-01T16:58:41.245Z";"1440";"1000";"52e7d35ec691c46755a0974952ebb23a9712e08ca5d4f31f08e9fd5b5f6a7614"
"web";"web/040-bilirkisi-paneli-ve-kura.png";"Bilirkişi paneli ve kura";"ayse";"/oneriler/ff5c12e9-e468-4799-b253-56710dce6014";"2026-10-01T16:58:41.899Z";"1440";"1000";"9822efb72579380cda6551642cc65db059563d2a11b61cb9f8c76b7d2c315e6a"
"web";"web/041-uzlasma-ve-azinlik-raporlari.png";"Uzlaşma ve azınlık raporları";"ayse";"/oneriler/97e883d6-089a-4a2f-82b6-861ecf285990";"2026-10-01T16:58:42.586Z";"1440";"1000";"2783f27c8e8f5f867843835161166e96fb3b5d6c664f53f69abfdbb9b5508e6b"
"web";"web/042-oy-verme-paneli.png";"Oy verme paneli";"ayse";"/oneriler/d0e46d47-3e72-40e4-ae29-01e00059fc92";"2026-10-01T16:55:23.236Z";"1440";"1000";"bc04f9612ee8beeb91ad7a60cb886f438fc127e9edf256cf434254cf27607f36"
"web";"web/043-oy-makbuzu.png";"Oy makbuzu";"ayse";"/oneriler/d0e46d47-3e72-40e4-ae29-01e00059fc92";"2026-10-01T16:55:23.335Z";"1440";"1000";"39ba9677def9eff011e20c733aa17e92755494418855ce399c70864663f1d831"
"web";"web/044-oyum-kayitli-mi-dogrulama.png";"Oyum kayıtlı mı — doğrulama";"ayse";"/oy-dogrula?oneri=d0e46d47-3e72-40e4-ae29-01e00059fc92";"2026-10-01T16:55:23.997Z";"1440";"1000";"87204dffefce519a0b1c749eb276fb38af27adb11ef54f416c2736e7650cfee6"
"web";"web/045-kesin-sayimi-cihazda-dogrulama.png";"Kesin sayımı cihazda doğrulama";"ayse";"/oneriler/54fde918-a58e-4fb5-8a80-a1f764622fc8";"2026-10-01T16:58:43.340Z";"1440";"1000";"531e03ef942ec9067e0be3ec095017e55b7574d026038c231f8fcb68884e258c"
"web";"web/046-graf-insanlar-grafi.png";"Graf — İnsanlar grafı";"ayse";"/graf";"2026-10-01T16:55:25.552Z";"1440";"1000";"5412f4eeb4f30c5524f8312424ab71541a28d44806638401b7daaa036ee77e66"
"web";"web/047-graf-gorus-haritasi.png";"Graf — Görüş haritası";"ayse";"/graf?sekme=harita";"2026-10-01T16:55:25.635Z";"1440";"1000";"355d60f9e0fbfda2f65ab2c4a2c4e11a375295287bb9465793624cfe09dacad9"
"web";"web/048-graf-istatistikler.png";"Graf — İstatistikler";"ayse";"/graf?sekme=istatistik";"2026-10-01T16:55:25.702Z";"1440";"1000";"b726aa352671c8f700327277eabbaf3d56ff519b97b79c9442b6f8323255b96f"
"web";"web/049-bilirkisiler-liste.png";"Bilirkişiler — Liste";"ayse";"/bilirkisiler";"2026-10-01T16:55:26.339Z";"1440";"1000";"9671a5c9700c15806995e76ae31dde6d998e48833264247879b5c0d84899c57d"
"web";"web/050-bilirkisiler-basvur.png";"Bilirkişiler — Başvur";"ayse";"/bilirkisiler?sekme=basvur";"2026-10-01T16:55:26.409Z";"1440";"1000";"3298e35afc0c49a1ac6f4cf633f9de7634f3ad973872e10fdb4379ec314f90c3"
"web";"web/051-uye-profili-iliskiler-ve-vek-let.png";"Üye profili — ilişkiler ve vekâlet";"ayse";"/uyeler/08818fb9-79b2-4e24-be4f-828900ff3c9e";"2026-10-01T16:55:27.008Z";"1440";"1000";"4c124bff2b1c2858eb7a86fda073dae21ae7b52e8ac0c774b9f42e5f7549967f"
"web";"web/052-profil-ve-rizalar.png";"Profil ve rızalar";"ayse";"/profil";"2026-10-01T16:55:27.918Z";"1440";"1000";"7236e64bb775a97507f0eb0fc1f53b5a2c67cac3611d027f669e902963e5e7cc"
"web";"web/053-bildirimler-tumu-86.png";"Bildirimler — Tümü 86";"ayse";"/bildirimler";"2026-10-01T16:55:28.828Z";"1440";"1000";"2f71cd6229d336b967df9f7441ff29c25c6e089294cd93e463c51b39ae941b57"
"web";"web/054-bildirimler-okunmamis-86.png";"Bildirimler — Okunmamış 86";"ayse";"/bildirimler";"2026-10-01T16:55:28.883Z";"1440";"1000";"15ae50094b7da2754ebe070b3e97216bfb3c9ee598cd6c11eaeb9d2dbdfe853f"
"web";"web/055-yonetmelik-maddeler-58.png";"Yönetmelik — Maddeler 58";"ayse";"/yonetmelik";"2026-10-01T16:55:29.526Z";"1440";"1000";"eedea912637a9d1f7f9125589d075e23921c943c17d3a74b3809277df247d93d"
"web";"web/056-yonetmelik-kategoriler-34.png";"Yönetmelik — Kategoriler 34";"ayse";"/yonetmelik?sekme=kategoriler";"2026-10-01T16:55:29.590Z";"1440";"1000";"f61a2dd6500f5166d26505f6525b85233cea308759e1318a668082ddabbe8e4e"
"web";"web/057-yonetmelik-haklar-8.png";"Yönetmelik — Haklar 8";"ayse";"/yonetmelik?sekme=haklar";"2026-10-01T16:55:29.657Z";"1440";"1000";"21c85084a4c874d8ec20b261c0aa233b37d829c823644a7ceeec8ef6cf1e06a0"
"web";"web/058-yonetmelik-gerekceler.png";"Yönetmelik — Gerekçeler";"ayse";"/yonetmelik?sekme=gerekceler";"2026-10-01T16:55:29.719Z";"1440";"1000";"9870b792469a15cb09ec8dd648320fd3df63ffa126973c5c7a4ec5e9c96bff89"
"web";"web/059-yonetmelik-katmanlar.png";"Yönetmelik — Katmanlar";"ayse";"/yonetmelik?sekme=katmanlar";"2026-10-01T16:55:29.778Z";"1440";"1000";"858dcf6cfa5fee23e2d78529fcb757178b90eba0e4b53b2fff99eb23dd4e4c0a"
"web";"web/060-yonetmelik-parametreler.png";"Yönetmelik — Parametreler";"ayse";"/yonetmelik?sekme=parametreler";"2026-10-01T16:55:29.852Z";"1440";"1000";"6115b7bf4bda5c56fa55002888e80500d67fe5c4af6ce41b95aa0fdc662785b7"
"web";"web/061-yonetmelik-surumler.png";"Yönetmelik — Sürümler";"ayse";"/yonetmelik?sekme=surumler";"2026-10-01T16:55:29.915Z";"1440";"1000";"f8bc1bce5525a6e11b1d0b171b2c6e96c8120857c58c61848c56c9b9280c1988"
"web";"web/062-yonetmelik-turtle.png";"Yönetmelik — Turtle";"ayse";"/yonetmelik?sekme=turtle";"2026-10-01T16:55:29.992Z";"1440";"1000";"2d14788df9013c621248c3a7909c4511408b0ab5f72383d9bec17eb3fe771f99"
"web";"web/063-dagitik-defter-durum.png";"Dağıtık defter — Durum";"ayse";"/defter";"2026-10-01T16:55:30.628Z";"1440";"1000";"7acd2b585296fb51163f61f14b93b2e93566e9e9d1e616da8a12981229349a7e"
"web";"web/064-dagitik-defter-bloklar.png";"Dağıtık defter — Bloklar";"ayse";"/defter?sekme=bloklar";"2026-10-01T16:55:30.693Z";"1440";"1000";"7575c4179b06c679b80ed07e01643aebaae5d8426bd73cf14f27a88c8c91c9e2"
"web";"web/065-dagitik-defter-zincir-dogrulama.png";"Dağıtık defter — Zincir doğrulama";"ayse";"/defter?sekme=dogrulama";"2026-10-01T16:55:30.752Z";"1440";"1000";"c3c247a3af2280eed4b818ccab2f1f69aacfa08872c2e4937e7c508d68657eae"
"web";"web/066-dagitik-defter-islem-arama.png";"Dağıtık defter — İşlem arama";"ayse";"/defter?sekme=islemler";"2026-10-01T16:55:30.833Z";"1440";"1000";"ea6252a3b6fb482bac1caf5198a9af25e22d676b28b52d52fbbf0d21e16f6f86"
"web";"web/067-defter-blok-ayrintisi.png";"Defter — blok ayrıntısı";"ayse";"/defter/blok/278";"2026-10-01T16:55:31.458Z";"1440";"1000";"79b53a13c53c13427a48d5eccb57ce32869210d8d8748bd0ebe199a979046949"
"web";"web/068-defter-islem-ve-kanit.png";"Defter — işlem ve kanıt";"ayse";"/defter/islem/e3ef983923dd64e9763a8cbb69ec08cb8865fac50e85844729475e8171f2ad61";"2026-10-01T16:55:32.056Z";"1440";"1000";"20936024a3dfa70ef03b43cdea5019ae586cc895983e263080de9466e9685456"
"web";"web/069-ayarlar-baglanti-ve-tema.png";"Ayarlar — bağlantı ve tema";"ayse";"/ayarlar";"2026-10-01T16:56:41.923Z";"1440";"1000";"ecace25dfd24376d89f94fa3e1248aa4c13a1f1ff367ee900a548cfa50bd520d"
"web";"web/070-ayarlar-surum-ve-platform.png";"Ayarlar — sürüm ve platform";"ayse";"/ayarlar";"2026-10-01T16:56:41.978Z";"1440";"1000";"b2f85e01a34536743a4ca3b75eafc3dbdb8c7f340e80f590de5a11e6d4d28124"
"web";"web/071-ana-sayfa-koyu-tema.png";"Ana sayfa — koyu tema";"ayse";"/";"2026-10-01T16:56:42.624Z";"1440";"1000";"0ca2dcb276a155e39aa14f927b78c60cc69b295fa26d45d405cb795b77aee3dd"
"web";"web/072-kayit-memuru-bekleyenler-4.png";"Kayıt memuru — Bekleyenler 4";"kayitmemuru";"/kayit-memuru";"2026-10-01T16:56:44.752Z";"1440";"1000";"7907628bbcf1800c8cb19d9c68252c91e17b0f46b0db3e6ab7666afecd52187c"
"web";"web/073-kayit-memuru-duzeltme-talepleri-1.png";"Kayıt memuru — Düzeltme talepleri 1";"kayitmemuru";"/kayit-memuru?sekme=duzeltmeler";"2026-10-01T16:56:44.823Z";"1440";"1000";"1c03304eb209724c36e99ee5cdaf9efaa55844e3b17415063bc47e0e5f61052b"
"web";"web/074-kayit-memuru-uyeyi-sisteme-gir.png";"Kayıt memuru — Üyeyi sisteme gir";"kayitmemuru";"/kayit-memuru?sekme=yeni";"2026-10-01T16:56:44.902Z";"1440";"1000";"0c719c0d5169308702209886d612714fd121906e5d300924eb447ae61352fae1"
"web";"web/075-yonetim-saat-ve-zamanlayici.png";"Yönetim — Saat ve zamanlayıcı";"yonetici";"/yonetim";"2026-10-01T16:56:46.158Z";"1440";"1000";"fd46c6d0598f4f306c63f74fd01511f8f471aa38619409423561b3219810be0c"
"web";"web/076-yonetim-roller.png";"Yönetim — Roller";"yonetici";"/yonetim?sekme=roller";"2026-10-01T16:56:46.247Z";"1440";"1000";"0dff8bbea103661890cb00b2ae2f62a9f2fdb24e7ea0ec0e2d38e9d64390e7d9"
"web";"web/077-yonetim-denetim-gunlugu.png";"Yönetim — Denetim günlüğü";"yonetici";"/yonetim?sekme=gunluk";"2026-10-01T16:56:46.345Z";"1440";"1000";"27319a1d0c8f304de1b34366f45f5288f3e0c8b31d449517d87ebd265bccb24b"
"web";"web/078-yonetim-butunluk-uyarilari.png";"Yönetim — Bütünlük uyarıları";"yonetici";"/yonetim?sekme=butunluk";"2026-10-01T16:56:46.425Z";"1440";"1000";"27c211da7e28f6488b91abe3b978a470258105596d9b498fe28fafe3b30672fb"
"web";"web/079-yonetim-defter-demosu.png";"Yönetim — Defter demosu";"yonetici";"/yonetim?sekme=defter";"2026-10-01T16:56:46.500Z";"1440";"1000";"57dcc3e9ab1a11542135e23861b96671ad1418e0b247e35c0500f50c09c4a6b8"
"web";"web/080-bilirkisi-yonetimi-liste.png";"Bilirkişi yönetimi — Liste";"yonetici";"/bilirkisiler";"2026-10-01T16:56:47.157Z";"1440";"1000";"e50366099b73c7efc4fbf0442cac49ebf85c67b6d398894bddb032287b035688"
"web";"web/081-bilirkisi-yonetimi-basvur.png";"Bilirkişi yönetimi — Başvur";"yonetici";"/bilirkisiler?sekme=basvur";"2026-10-01T16:56:47.273Z";"1440";"1000";"bdbeeaa18346ce4c2884f7ad4081442a47aeb84909360fa8e838b4befa99f256"
"web";"web/082-bilirkisi-yonetimi-yonetim.png";"Bilirkişi yönetimi — Yönetim";"yonetici";"/bilirkisiler?sekme=yonetim";"2026-10-01T16:56:47.342Z";"1440";"1000";"feaee7f988ad39d2294cae730a7ccf93c02593d2408d9770cc675929d0e48ab1"
"web";"web/083-denetci-erisim-gunlugu.png";"Denetçi — erişim günlüğü";"denetci";"/yonetim";"2026-10-01T16:56:48.891Z";"1440";"1000";"a196d73d4346c909a468388abef69cc5c990ae0ad39bda3dabc4f54c864b7b2d"
"web";"web/084-bilirkisi-gorevleri-liste.png";"Bilirkişi görevleri — Liste";"bk_saglik1";"/bilirkisiler";"2026-10-01T16:56:50.174Z";"1440";"1000";"fbaa400db25fd0cdc255ed5304ec60f07d9e934a5c2daf2b8dd85fb132e4b027"
"web";"web/085-bilirkisi-gorevleri-basvur.png";"Bilirkişi görevleri — Başvur";"bk_saglik1";"/bilirkisiler?sekme=basvur";"2026-10-01T16:56:50.241Z";"1440";"1000";"e68cdf75353d1d5f27840ab61035e84327c3de12271d60fe0150f5c02ade7485"
"web";"web/086-bilirkisi-gorevleri-gorevlerim.png";"Bilirkişi görevleri — Görevlerim";"bk_saglik1";"/bilirkisiler?sekme=gorevlerim";"2026-10-01T16:56:50.308Z";"1440";"1000";"31e85eefa00c98e81dbb1e0c39276f2489a04f689977797f264d88434920cc2b"
"web";"web/087-bilirkisi-gorevli-oldugu-oneri.png";"Bilirkişi — görevli olduğu öneri";"bk_saglik1";"/oneriler/ff5c12e9-e468-4799-b253-56710dce6014";"2026-10-01T16:58:51.954Z";"1440";"1000";"2921b5872a94a03853f15209e868e332805db0687dc89502fb20d0e34ce5e9bd"
"web";"web/088-bilirkisi-kurasi-adaylar-ve-secim.png";"Bilirkişi kurası — adaylar ve seçim";"ayse";"/oneriler/ff5c12e9-e468-4799-b253-56710dce6014";"2026-10-01T16:58:43.997Z";"1440";"1000";"6a58968b83dc6cacbe027725847852a32902026fe6b1e721d1bfdfd270174c1a"
"web";"web/089-bilirkisi-raporu-ve-sorular.png";"Bilirkişi raporu ve sorular";"ayse";"/oneriler/ff5c12e9-e468-4799-b253-56710dce6014";"2026-10-01T16:58:44.650Z";"1440";"1000";"af1bb5fd4255d8b09d7b9fb24c205b9a989b0e91feee209d90e6d9a467e13e22"
"web";"web/090-yapay-zek-tartisma-ozeti.png";"Yapay zekâ — tartışma özeti";"ayse";"/oneriler/ff5c12e9-e468-4799-b253-56710dce6014";"2026-10-01T16:58:45.311Z";"1440";"1000";"6d2c7763c725bc5187837f08f8d42a6192ef7b61b72cebc890b470769d057b34"
"web";"web/091-yapay-zek-kopru-taslaklari.png";"Yapay zekâ — köprü taslakları";"ayse";"/oneriler/97e883d6-089a-4a2f-82b6-861ecf285990";"2026-10-01T16:58:45.983Z";"1440";"1000";"c779dc0096766caf62faefda4de7021af8fd0d4a8046d4528566cfcb8979f8c2"
"web";"web/092-profil-acik-rizalar.png";"Profil — Açık rızalar";"ayse";"/profil";"2026-10-01T16:58:46.912Z";"1440";"1000";"dc6f2b3973aeeaec0f8999a120647012ce9d77aea74de26512bf4896fb81a90f"
"web";"web/093-profil-vek-letler.png";"Profil — Vekâletler";"ayse";"/profil";"2026-10-01T16:58:47.829Z";"1440";"1000";"0cda8b262ed80bb7dd22b6359ff2e0b7e88e517a548ec5983f823e9345247d3b"
"web";"web/094-profil-kimlik-bilgilerimi-duzelt.png";"Profil — Kimlik bilgilerimi düzelt";"ayse";"/profil";"2026-10-01T16:58:48.766Z";"1440";"1000";"591e4e0b00a463a7a982a4d7307a48e4193d3119a14168cb9662612701dea04b"
"web";"web/095-profil-takma-ad-degistir.png";"Profil — Takma ad değiştir";"ayse";"/profil";"2026-10-01T16:58:49.700Z";"1440";"1000";"2e60647535b07a0ae745ea8a8450a6fea58fccc212b0407e666c25485e93b86b"
"web";"web/096-profil-kisisel-verilerim-kvkk.png";"Profil — Kişisel verilerim (KVKK)";"ayse";"/profil";"2026-10-01T16:58:50.647Z";"1440";"1000";"591e4e0b00a463a7a982a4d7307a48e4193d3119a14168cb9662612701dea04b"
"android";"android/001-ana-sayfa-ziyaretci.png";"Ana sayfa — ziyaretçi";"ziyaretci";"/";"2026-10-01T16:54:59.410Z";"1080";"2400";"f49d0945f871b6c4b68f6632bd8c7dd36297d7ca1a82d2dabb814b8851957d0b"
"android";"android/002-giris.png";"Giriş";"ziyaretci";"/giris";"2026-10-01T16:55:00.231Z";"1080";"2400";"6f86c66aa8c4b06e9bea1aa94d54deeb9b37baf55897960dba0d03b4d2d31006"
"android";"android/003-kayit-kimlik-ve-rizalar.png";"Kayıt — kimlik ve rızalar";"ziyaretci";"/kayit";"2026-10-01T16:55:01.102Z";"1080";"2400";"5aa8af24743095f8e80a104b386de697e2eafeb5faa25a5073cfd31cae20334e"
"android";"android/004-kayit-aydinlatma-ve-onaylar.png";"Kayıt — aydınlatma ve onaylar";"ziyaretci";"/kayit";"2026-10-01T16:58:41.193Z";"1080";"2400";"520c9d8300fcc04e00480d9f3fcc2a1b126bb8bb881cc83a3d494fd91043e198"
"android";"android/005-konular.png";"Konular";"ziyaretci";"/konular";"2026-10-01T16:55:02.809Z";"1080";"2400";"ef5eaa9ec4196478d587158a37fdecadbf663d8249cf820760b117efdef9c4e0"
"android";"android/006-konu-ayrintisi-ve-alt-konular.png";"Konu ayrıntısı ve alt konular";"ziyaretci";"/konular/ccf09cf5-96e1-4d73-93c4-ee48c7e693b0";"2026-10-01T16:55:03.738Z";"1080";"2400";"5ba84eeb457bbffcec51f87dbbc2ae7aea745646ec933005cd53cbdbd501608c"
"android";"android/007-oneriler-acik-7.png";"Öneriler — Açık 7";"ziyaretci";"/oneriler";"2026-10-01T16:55:04.823Z";"1080";"2400";"61e0c2eeef6d3e247c97524d819a88273549e4175c2633155915469700cf3d48"
"android";"android/008-oneriler-destek-bekleyen-1.png";"Öneriler — Destek bekleyen 1";"ziyaretci";"/oneriler?sekme=destek";"2026-10-01T16:55:05.190Z";"1080";"2400";"1ecf100f298052649c94a3d368838ec8762d36c045c6913cfe8c94492888e2a7"
"android";"android/009-oneriler-tartismada-1.png";"Öneriler — Tartışmada 1";"ziyaretci";"/oneriler?sekme=tartisma";"2026-10-01T16:55:05.577Z";"1080";"2400";"6aae29117dbcad78faf48964f7c05241db71f420a8831275f103cdf4730f8bac"
"android";"android/010-oneriler-oylamada-3.png";"Öneriler — Oylamada 3";"ziyaretci";"/oneriler?sekme=oylama";"2026-10-01T16:55:05.948Z";"1080";"2400";"21223d5c0e6254db4144aaeb005e9243d1e3f86e2deea656b5e86c2b2088a101"
"android";"android/011-oneriler-itiraz-ve-uzlasma-2.png";"Öneriler — İtiraz ve uzlaşma 2";"ziyaretci";"/oneriler?sekme=itiraz";"2026-10-01T16:55:06.314Z";"1080";"2400";"ef750c9dd41a5bc5a42dbc92233db57508f5ad461930c12276cf6453e4946fc6"
"android";"android/012-oneriler-kabul-edilen-17.png";"Öneriler — Kabul edilen 17";"ziyaretci";"/oneriler?sekme=kabul";"2026-10-01T16:55:06.676Z";"1080";"2400";"32685a72f391efc97c5ecb92a2fb5c3fd4f7f7e1081ad5967847b3e352dc3a56"
"android";"android/013-oneriler-reddedilen-7.png";"Öneriler — Reddedilen 7";"ziyaretci";"/oneriler?sekme=red";"2026-10-01T16:55:07.046Z";"1080";"2400";"3bc3a6055dde9c0362eb01dd2ee96d575e4c1d9cc5da336982cc3f5bfcf3550a"
"android";"android/014-oneriler-tumu-33.png";"Öneriler — Tümü 33";"ziyaretci";"/oneriler?sekme=tumu";"2026-10-01T16:55:07.452Z";"1080";"2400";"0c4d26d74a78cd6da77c95f2fc983a165c50bc8fdf0ccdb9b465d464841181b8"
"android";"android/015-ana-sayfa-uye.png";"Ana sayfa — üye";"ayse";"/";"2026-10-01T16:55:08.472Z";"1080";"2400";"272223addd2c73341f8b4a5caf40d7e30793cb06a1527645ee4083b723695e1b"
"android";"android/016-mobil-gezinme-menusu.png";"Mobil gezinme menüsü";"ayse";"/";"2026-10-01T16:55:08.842Z";"1080";"2400";"23c0e4048fc32810ff2eeb638ce6062eb211135ea49af3bbc7af9c79275eae03"
"android";"android/017-yeni-oneri-tur-secimi.png";"Yeni öneri — tür seçimi";"ayse";"/oneriler/yeni";"2026-10-01T16:55:10.033Z";"1080";"2400";"01a4cd3d385a141f1c2274c80d117243ed01540720fd306043390fd2b8d4e4e7"
"android";"android/018-yeni-oneri-yeni-konu.png";"Yeni öneri — Yeni konu";"ayse";"/oneriler/yeni?tur=topic";"2026-10-01T16:55:11.238Z";"1080";"2400";"a51517ce0f8b002fcf6833193c460ebd07e662fdd1fda62cbc99ddc09cfcf677"
"android";"android/019-yeni-oneri-alt-konu.png";"Yeni öneri — Alt konu";"ayse";"/oneriler/yeni?tur=subtopic&konu=ccf09cf5-96e1-4d73-93c4-ee48c7e693b0";"2026-10-01T16:55:12.433Z";"1080";"2400";"598b1a148b3800609f2d487480ae60d22ec81768f4ff305494b0c1867e0bd599"
"android";"android/020-yeni-oneri-duzenleme-teklifi.png";"Yeni öneri — Düzenleme teklifi";"ayse";"/oneriler/yeni?tur=amendment&konu=ccf09cf5-96e1-4d73-93c4-ee48c7e693b0";"2026-10-01T16:55:13.967Z";"1080";"2400";"3c6208f79a8c6eca29d6d2a4b3d3df65479d4e648474955b0b41d57263ea270b"
"android";"android/021-yeni-oneri-silme-talebi.png";"Yeni öneri — Silme talebi";"ayse";"/oneriler/yeni?tur=deletion";"2026-10-01T16:55:15.154Z";"1080";"2400";"2429e6552a361c7c63dc291d980b514ce56a10c90cee59092b3815d77e7a2099"
"android";"android/022-yeni-oneri-yonetmelik-degisikligi.png";"Yeni öneri — Yönetmelik değişikliği";"ayse";"/oneriler/yeni?tur=regulation";"2026-10-01T16:55:16.351Z";"1080";"2400";"d97b193092d324862eb4cfea0967293898886b0a42f7206f4c2573e05d583b7d"
"android";"android/023-k34-draft.png";"K34 — draft";"ayse";"/oneriler/515e6729-3914-4395-ab5f-f288e13ec14d";"2026-10-01T16:55:17.282Z";"1080";"2400";"019e98cfb72f03eb7e5019961b1463e49bf753b006e5d92dd4fe5f0c726a1a3e"
"android";"android/024-k33-sponsoring.png";"K33 — sponsoring";"ayse";"/oneriler/00ae044b-e367-4fed-975b-a38ca01e5509";"2026-10-01T16:55:18.231Z";"1080";"2400";"a317103ed416090e998b2553b444bc91ce3c916e8b4872f93bb8576d02d37cde"
"android";"android/025-k32-deliberation.png";"K32 — deliberation";"ayse";"/oneriler/ff5c12e9-e468-4799-b253-56710dce6014";"2026-10-01T16:55:19.188Z";"1080";"2400";"766231b95eb7bd027ef188028df841d4628dcc93f3ed3cc3531e10da00d156c1"
"android";"android/026-k30-voting.png";"K30 — voting";"ayse";"/oneriler/d0e46d47-3e72-40e4-ae29-01e00059fc92";"2026-10-01T16:55:20.191Z";"1080";"2400";"98209ba184238fdf0ece8b375d2ad4631fe55f19f3ce42974b43146a2fd1f55b"
"android";"android/027-k31-voting.png";"K31 — voting";"ayse";"/oneriler/1dad7a33-367c-4e67-82c2-b4c043a28424";"2026-10-01T16:55:21.172Z";"1080";"2400";"2a945c29f3b1f118635bb5b6da1b0fd61c29898da1cc0c483ba70acc177ca2fb"
"android";"android/028-k29-objection-window.png";"K29 — objection_window";"ayse";"/oneriler/f108f78a-3eed-4d5b-9726-bb3312f0aad1";"2026-10-01T16:55:22.226Z";"1080";"2400";"8204dd5ccbf57b7ddefd102040c9b6b9dc8f1521852e5dc5c2c4efb9f32d6e82"
"android";"android/029-k28-reconciliation.png";"K28 — reconciliation";"ayse";"/oneriler/97e883d6-089a-4a2f-82b6-861ecf285990";"2026-10-01T16:55:23.327Z";"1080";"2400";"3caea57f28dbf4c7e3e1e36c80fc02616b6277b3d6fd8fdcbb0adf3783eaf9ee"
"android";"android/030-k27-revote.png";"K27 — revote";"ayse";"/oneriler/29edc08a-7f5f-4b4c-a1b6-908e1d851318";"2026-10-01T16:55:24.385Z";"1080";"2400";"e07f23dcb09a7f1d13deaeca5cca844f2c3ff20c5d53085d2533d77719af5290"
"android";"android/031-k24-enacted.png";"K24 — enacted";"ayse";"/oneriler/54fde918-a58e-4fb5-8a80-a1f764622fc8";"2026-10-01T16:55:25.473Z";"1080";"2400";"8c429e1c7ba2c7b118c577ff5e0df3bb6f9a91b010aeda2df4ef032badcc6b76"
"android";"android/032-k25-rejected.png";"K25 — rejected";"ayse";"/oneriler/9e031e82-d12f-4224-8ef5-70395dc10b23";"2026-10-01T16:55:26.480Z";"1080";"2400";"f01a29df94f3405192979903146d12b6ca17d462f61dd7928bd3e7167b763fd2"
"android";"android/033-k22-inadmissible.png";"K22 — inadmissible";"ayse";"/oneriler/71cbeb8c-1193-46a8-a99b-62230ef9f650";"2026-10-01T16:55:27.453Z";"1080";"2400";"4055556354be3d122c40c0f977cb3c36ddf141e1de5740b07d62b79f3efc98a0"
"android";"android/034-k23-inadmissible.png";"K23 — inadmissible";"ayse";"/oneriler/f72eb3a4-a041-494b-98ba-eba49cb68b7d";"2026-10-01T16:55:28.424Z";"1080";"2400";"c1d0ad2b2916380d06bd175f5d56f10b5932d641e48538413a255cbd3384f69e"
"android";"android/035-k6-expired.png";"K6 — expired";"ayse";"/oneriler/bc93bd36-32d8-4abf-8ee8-9ab29d9fc807";"2026-10-01T16:55:29.383Z";"1080";"2400";"c55a71a06e6cfe258924686f4a5174e7b3645965527d11a0b2af3a12c4b69ab7"
"android";"android/036-k26-withdrawn.png";"K26 — withdrawn";"ayse";"/oneriler/52dae6ee-ab71-41a9-9d58-52a21282b9df";"2026-10-01T16:55:30.347Z";"1080";"2400";"829c5dd8ee27eb772fea829e39e6fc8a6ec40f80e77a25f61c4585a122af9670"
"android";"android/037-k21-enacted.png";"K21 — enacted";"ayse";"/oneriler/74bd0a41-84e8-4e9d-85e0-f621bf8bf80b";"2026-10-01T16:55:31.321Z";"1080";"2400";"6abbf27486a7c403f69c1bb21f21495b39f3a6b37f3d4f6eae6860433166d48e"
"android";"android/038-k5-enacted.png";"K5 — enacted";"ayse";"/oneriler/ed8de718-61da-41b8-9afb-038a022af29a";"2026-10-01T16:55:32.322Z";"1080";"2400";"6e4be6699fee7bebdbcb05a036de56d65035c1a5f144baf60a22c847771582e1"
"android";"android/039-k7-enacted.png";"K7 — enacted";"ayse";"/oneriler/e76ebf56-49b2-4ddd-a231-ef9538d4a60a";"2026-10-01T16:55:33.305Z";"1080";"2400";"cc1d8df54ae896073d0a30ebc156f2878ee2d7fb11fad765b96ce3715abf6e17"
"android";"android/040-tartisma-ve-mesajlar.png";"Tartışma ve mesajlar";"ayse";"/oneriler/ff5c12e9-e468-4799-b253-56710dce6014";"2026-10-01T16:58:43.013Z";"1080";"2400";"43259afcd77ffeb127ebcee0a9e4602c5a52516d39ec68862dee3c4f49f0ff6b"
"android";"android/041-bilirkisi-paneli-ve-kura.png";"Bilirkişi paneli ve kura";"ayse";"/oneriler/ff5c12e9-e468-4799-b253-56710dce6014";"2026-10-01T16:58:44.086Z";"1080";"2400";"cdfc25ecc8fb67480fe9673658e333f9d889e012dd70f5c6dec38ebfa8c1fe7d"
"android";"android/042-uzlasma-ve-azinlik-raporlari.png";"Uzlaşma ve azınlık raporları";"ayse";"/oneriler/97e883d6-089a-4a2f-82b6-861ecf285990";"2026-10-01T16:58:45.181Z";"1080";"2400";"0d7475c105085415a5242043b24df7fed87b384ae8953ef0a04b848e34c58d73"
"android";"android/043-oy-verme-paneli.png";"Oy verme paneli";"ayse";"/oneriler/d0e46d47-3e72-40e4-ae29-01e00059fc92";"2026-10-01T16:55:37.189Z";"1080";"2400";"635eca590fa821dfeafae1813c0413528be5c3c871276bc891b17604fc4556ce"
"android";"android/044-oy-makbuzu.png";"Oy makbuzu";"ayse";"/oneriler/d0e46d47-3e72-40e4-ae29-01e00059fc92";"2026-10-01T16:55:37.587Z";"1080";"2400";"9db79cff575e55e8988f62bae1ad4b4db9119887bfabf2acb76600312e838691"
"android";"android/045-oyum-kayitli-mi-dogrulama.png";"Oyum kayıtlı mı — doğrulama";"ayse";"/oy-dogrula?oneri=d0e46d47-3e72-40e4-ae29-01e00059fc92";"2026-10-01T16:55:38.766Z";"1080";"2400";"e0029c823111d30a638125220a35e8c284d6be35573d55b2a32fe86d6d48d97f"
"android";"android/046-kesin-sayimi-cihazda-dogrulama.png";"Kesin sayımı cihazda doğrulama";"ayse";"/oneriler/54fde918-a58e-4fb5-8a80-a1f764622fc8";"2026-10-01T16:58:46.752Z";"1080";"2400";"db26a64ce1f28772642ff96479fd92fa3692c34040c7743283881bdfe165a7d1"
"android";"android/047-graf-insanlar-grafi.png";"Graf — İnsanlar grafı";"ayse";"/graf";"2026-10-01T16:55:41.365Z";"1080";"2400";"1bc453e9adcb1c56281b2ea282b6308c01553331018803a1de90792f8fd7f670"
"android";"android/048-graf-gorus-haritasi.png";"Graf — Görüş haritası";"ayse";"/graf?sekme=harita";"2026-10-01T16:55:41.847Z";"1080";"2400";"017f291b3c7e10354948c6853b54e34d32554aabc8c8540767344ccb31b67047"
"android";"android/049-graf-istatistikler.png";"Graf — İstatistikler";"ayse";"/graf?sekme=istatistik";"2026-10-01T16:55:42.202Z";"1080";"2400";"eb1cf4ac5c61affc768838de3c9a30f51e2f133c6ced77b88a9bb4f136390652"
"android";"android/050-bilirkisiler-liste.png";"Bilirkişiler — Liste";"ayse";"/bilirkisiler";"2026-10-01T16:55:43.229Z";"1080";"2400";"4b4f7f5022ccdca0b42abd8145ee312abec26ca2a1fb6aa7c767f91978c3c30b"
"android";"android/051-bilirkisiler-basvur.png";"Bilirkişiler — Başvur";"ayse";"/bilirkisiler?sekme=basvur";"2026-10-01T16:55:43.593Z";"1080";"2400";"0980b1c2a7429ad52913412af6d5741c633a64f75417f2dcd580943cd2e30fd2"
"android";"android/052-uye-profili-iliskiler-ve-vek-let.png";"Üye profili — ilişkiler ve vekâlet";"ayse";"/uyeler/08818fb9-79b2-4e24-be4f-828900ff3c9e";"2026-10-01T16:55:44.480Z";"1080";"2400";"086ee55beaa651cde6f8b29ae8cc9c5ae3f8f5bdab2974de75f966ce044f9e6b"
"android";"android/053-profil-ve-rizalar.png";"Profil ve rızalar";"ayse";"/profil";"2026-10-01T16:55:45.663Z";"1080";"2400";"941a201d7f0c116cd93dae8097d0dd41613c75179944602de7074c0746c78efe"
"android";"android/054-bildirimler-tumu-86.png";"Bildirimler — Tümü 86";"ayse";"/bildirimler";"2026-10-01T16:55:46.964Z";"1080";"2400";"65e1183512dcf89d6e2fc905c9058f6f9df60582e20343e4419b0010da883470"
"android";"android/055-bildirimler-okunmamis-86.png";"Bildirimler — Okunmamış 86";"ayse";"/bildirimler";"2026-10-01T16:55:47.343Z";"1080";"2400";"71a611d5216541f7b03657687337a3e5371934fa793685fa03ca3ebc107c19ee"
"android";"android/056-yonetmelik-maddeler-58.png";"Yönetmelik — Maddeler 58";"ayse";"/yonetmelik";"2026-10-01T16:55:48.400Z";"1080";"2400";"9db7b376bb296fe3d12de41a8b05dbffa52ea86a2195653ad6b7669de65672c0"
"android";"android/057-yonetmelik-kategoriler-34.png";"Yönetmelik — Kategoriler 34";"ayse";"/yonetmelik?sekme=kategoriler";"2026-10-01T16:55:48.790Z";"1080";"2400";"de2edbb54bec3627fe8b037e33447f98247ead82b6eb2ad67a58b04d0d07a0cb"
"android";"android/058-yonetmelik-haklar-8.png";"Yönetmelik — Haklar 8";"ayse";"/yonetmelik?sekme=haklar";"2026-10-01T16:55:49.150Z";"1080";"2400";"8b27e3de84b0b7980ea4407d9e7ca8c4c9383b26eb32db1484c552007f45f377"
"android";"android/059-yonetmelik-gerekceler.png";"Yönetmelik — Gerekçeler";"ayse";"/yonetmelik?sekme=gerekceler";"2026-10-01T16:55:49.507Z";"1080";"2400";"f855e82ff648cdc55f8bb91808863527f3e59154eac9012b8af4a7523dbb9e0c"
"android";"android/060-yonetmelik-katmanlar.png";"Yönetmelik — Katmanlar";"ayse";"/yonetmelik?sekme=katmanlar";"2026-10-01T16:55:49.877Z";"1080";"2400";"c346ac0578c573ad70cc0fec1565077eed201489812e34092747ee16cf5d1a45"
"android";"android/061-yonetmelik-parametreler.png";"Yönetmelik — Parametreler";"ayse";"/yonetmelik?sekme=parametreler";"2026-10-01T16:55:50.236Z";"1080";"2400";"9292b74fefdca7d2ba6d61c5c2d68ba76808ff6f4a42df58976b528772b3e33b"
"android";"android/062-yonetmelik-surumler.png";"Yönetmelik — Sürümler";"ayse";"/yonetmelik?sekme=surumler";"2026-10-01T16:55:50.620Z";"1080";"2400";"6da7eb0d6b86895d665e37cc9800d54f6b4a67433b5f3af9c2cd9ccd4a33bed8"
"android";"android/063-yonetmelik-turtle.png";"Yönetmelik — Turtle";"ayse";"/yonetmelik?sekme=turtle";"2026-10-01T16:55:51.030Z";"1080";"2400";"7e11f22d8b14b03abef2b87eb227a7dd675e8cca60a2e612a562e250465c9e6f"
"android";"android/064-dagitik-defter-durum.png";"Dağıtık defter — Durum";"ayse";"/defter";"2026-10-01T16:55:52.048Z";"1080";"2400";"332282e3516686310c33e7cb6cafe13c4e26fd06bcb53289887d7ec9ee8ca62d"
"android";"android/065-dagitik-defter-bloklar.png";"Dağıtık defter — Bloklar";"ayse";"/defter?sekme=bloklar";"2026-10-01T16:55:52.437Z";"1080";"2400";"76c1873f5e2367bdc9a0a328d81e89d2c7510c613f52b1b5f4cc933f3b4cf337"
"android";"android/066-dagitik-defter-zincir-dogrulama.png";"Dağıtık defter — Zincir doğrulama";"ayse";"/defter?sekme=dogrulama";"2026-10-01T16:55:52.811Z";"1080";"2400";"5b23e43470cec54c55e6da3f71280796838574594807a8cd0813f1e3c79f8fb9"
"android";"android/067-dagitik-defter-islem-arama.png";"Dağıtık defter — İşlem arama";"ayse";"/defter?sekme=islemler";"2026-10-01T16:55:53.204Z";"1080";"2400";"105cad190c302d5f8decb6fe8da0aabd42cba5edbe98b5229f6bdf12bed80118"
"android";"android/068-defter-blok-ayrintisi.png";"Defter — blok ayrıntısı";"ayse";"/defter/blok/278";"2026-10-01T16:55:54.113Z";"1080";"2400";"42e60ed2a0eb59163d362acde2f2db0c57693655f5533419d93717b7e445a683"
"android";"android/069-defter-islem-ve-kanit.png";"Defter — işlem ve kanıt";"ayse";"/defter/islem/e3ef983923dd64e9763a8cbb69ec08cb8865fac50e85844729475e8171f2ad61";"2026-10-01T16:55:55.008Z";"1080";"2400";"1a58397029e71859555b9c317342e98d1eef9c7f9821407f693f46e4c65b735f"
"android";"android/070-ayarlar-baglanti-ve-tema.png";"Ayarlar — bağlantı ve tema";"ayse";"/ayarlar";"2026-10-01T16:56:42.451Z";"1080";"2400";"035e52d4bcb05562eea8dd73bec34293848abce2077b86f781b7a4a89eb9a5ea"
"android";"android/071-ayarlar-surum-ve-platform.png";"Ayarlar — sürüm ve platform";"ayse";"/ayarlar";"2026-10-01T16:56:42.729Z";"1080";"2400";"319b028203e34cfa2ac470949724484245b376845b084455f2e678c3124fe1c4"
"android";"android/072-ana-sayfa-koyu-tema.png";"Ana sayfa — koyu tema";"ayse";"/";"2026-10-01T16:56:43.805Z";"1080";"2400";"7db5d5c9fb6e82c603ebdddf2e65903193f1d455b1faeb8caca6c6007bb6eff3"
"android";"android/073-kayit-memuru-bekleyenler-4.png";"Kayıt memuru — Bekleyenler 4";"kayitmemuru";"/kayit-memuru";"2026-10-01T16:56:46.741Z";"1080";"2400";"f8cff53fddac4930e886428d32273eca7247a36a30c2644766b7613556eccdaa"
"android";"android/074-kayit-memuru-duzeltme-talepleri-1.png";"Kayıt memuru — Düzeltme talepleri 1";"kayitmemuru";"/kayit-memuru?sekme=duzeltmeler";"2026-10-01T16:56:47.121Z";"1080";"2400";"742ea704b0f9f862e32646536ba55fc3ecaf2535f66ee781689dcf7b925875c5"
"android";"android/075-kayit-memuru-uyeyi-sisteme-gir.png";"Kayıt memuru — Üyeyi sisteme gir";"kayitmemuru";"/kayit-memuru?sekme=yeni";"2026-10-01T16:56:47.527Z";"1080";"2400";"2ef394a64273dfcbb6cf5a8407103261045a1e5a5cbdbf86171d21cb667efb83"
"android";"android/076-yonetim-saat-ve-zamanlayici.png";"Yönetim — Saat ve zamanlayıcı";"yonetici";"/yonetim";"2026-10-01T16:56:49.339Z";"1080";"2400";"db6b71e67ddb0df2d7bceff670618e037beeb26c75c155a995b4e2e5f858a58a"
"android";"android/077-yonetim-roller.png";"Yönetim — Roller";"yonetici";"/yonetim?sekme=roller";"2026-10-01T16:56:49.791Z";"1080";"2400";"0fa60c880868716c3f77704bcf04b24e54e0ed91bef733eb1af3baddb4d9f0d6"
"android";"android/078-yonetim-denetim-gunlugu.png";"Yönetim — Denetim günlüğü";"yonetici";"/yonetim?sekme=gunluk";"2026-10-01T16:56:50.306Z";"1080";"2400";"e4fc327ffb490b82e9fb93512cd14d3a3afc442e75e7b50a538383d9bc4586f7"
"android";"android/079-yonetim-butunluk-uyarilari.png";"Yönetim — Bütünlük uyarıları";"yonetici";"/yonetim?sekme=butunluk";"2026-10-01T16:56:50.756Z";"1080";"2400";"c45c82aa0f4ba2ce00588cd8699888ae09e1ab96e705fc1eeeb1bc0cf0c83612"
"android";"android/080-yonetim-defter-demosu.png";"Yönetim — Defter demosu";"yonetici";"/yonetim?sekme=defter";"2026-10-01T16:56:51.188Z";"1080";"2400";"eea095e40168d31660e2e96721054b278e967cc828abb0f9bc02dd1bd67e6296"
"android";"android/081-bilirkisi-yonetimi-liste.png";"Bilirkişi yönetimi — Liste";"yonetici";"/bilirkisiler";"2026-10-01T16:56:52.270Z";"1080";"2400";"b31ed2f97782c395c25e6fc1ea7eaa814f0cbeac6ebb54e1b713cc332cfab90a"
"android";"android/082-bilirkisi-yonetimi-basvur.png";"Bilirkişi yönetimi — Başvur";"yonetici";"/bilirkisiler?sekme=basvur";"2026-10-01T16:56:52.680Z";"1080";"2400";"83d7d14dafc05b195069dfd5c19975d5f122efae1855a78c50818fadb8817ee7"
"android";"android/083-bilirkisi-yonetimi-yonetim.png";"Bilirkişi yönetimi — Yönetim";"yonetici";"/bilirkisiler?sekme=yonetim";"2026-10-01T16:56:53.098Z";"1080";"2400";"3bec21550cb8edbf200b866a8fe2487e70748d7fbf85907379408b1aee84d306"
"android";"android/084-denetci-erisim-gunlugu.png";"Denetçi — erişim günlüğü";"denetci";"/yonetim";"2026-10-01T16:56:55.150Z";"1080";"2400";"c27e683354196a8a96a7d5f045a8e152499ee3537d3d1026a2ce66a3d1bae422"
"android";"android/085-bilirkisi-gorevleri-liste.png";"Bilirkişi görevleri — Liste";"bk_saglik1";"/bilirkisiler";"2026-10-01T16:56:57.030Z";"1080";"2400";"69fccb23a4b26e3d5ab0ad358004a74eef5c61d8ee5ca2a3f1b2be70ef39b683"
"android";"android/086-bilirkisi-gorevleri-basvur.png";"Bilirkişi görevleri — Başvur";"bk_saglik1";"/bilirkisiler?sekme=basvur";"2026-10-01T16:56:57.437Z";"1080";"2400";"6839f647fcb1f8ab56fff6764f7b94cf72c7ca84366d2f07e633d42331cc84e8"
"android";"android/087-bilirkisi-gorevleri-gorevlerim.png";"Bilirkişi görevleri — Görevlerim";"bk_saglik1";"/bilirkisiler?sekme=gorevlerim";"2026-10-01T16:56:57.852Z";"1080";"2400";"11a826d31ea1c532e116f645e8e5dfc68e61d1740f42cf61f2fffdb8f352f404"
"android";"android/088-bilirkisi-gorevli-oldugu-oneri.png";"Bilirkişi — görevli olduğu öneri";"bk_saglik1";"/oneriler/ff5c12e9-e468-4799-b253-56710dce6014";"2026-10-01T16:59:00.179Z";"1080";"2400";"79854628802a53bcf4b876f0cb0711eb9e4b66f2c28a3a65511bfb4567926eb8"
"android";"android/089-bilirkisi-kurasi-adaylar-ve-secim.png";"Bilirkişi kurası — adaylar ve seçim";"ayse";"/oneriler/ff5c12e9-e468-4799-b253-56710dce6014";"2026-10-01T16:58:47.902Z";"1080";"2400";"04d45b0c3ef5bdd4af508615b80905814abe4a49e14904e5f7b56c32243bbd01"
"android";"android/090-bilirkisi-raporu-ve-sorular.png";"Bilirkişi raporu ve sorular";"ayse";"/oneriler/ff5c12e9-e468-4799-b253-56710dce6014";"2026-10-01T16:58:49.020Z";"1080";"2400";"0046588455297a29284e248495658b37fe7d30b8cc883aba530ca362bed24a8b"
"android";"android/091-yapay-zek-tartisma-ozeti.png";"Yapay zekâ — tartışma özeti";"ayse";"/oneriler/ff5c12e9-e468-4799-b253-56710dce6014";"2026-10-01T16:58:50.080Z";"1080";"2400";"ce551cc63f561d98ae19e45bd327130cb26667aaa21b28f615432d845e45c3b9"
"android";"android/092-yapay-zek-kopru-taslaklari.png";"Yapay zekâ — köprü taslakları";"ayse";"/oneriler/97e883d6-089a-4a2f-82b6-861ecf285990";"2026-10-01T16:58:51.229Z";"1080";"2400";"004c3da30ab639033d0765eeebfb27af8a99c629e8479caa6b3f947a06e65b3c"
"android";"android/093-profil-acik-rizalar.png";"Profil — Açık rızalar";"ayse";"/profil";"2026-10-01T16:58:53.039Z";"1080";"2400";"cef5fe5cf4f991d016036d70f6480ede399c0ec87d95fd2a4308a6918a2c9390"
"android";"android/094-profil-vek-letler.png";"Profil — Vekâletler";"ayse";"/profil";"2026-10-01T16:58:54.335Z";"1080";"2400";"4777fe838ed31ad52e3c0c6c577ff216b14e72dc69619a9993a2a83c1690a8fc"
"android";"android/095-profil-kimlik-bilgilerimi-duzelt.png";"Profil — Kimlik bilgilerimi düzelt";"ayse";"/profil";"2026-10-01T16:58:55.651Z";"1080";"2400";"a2865998e0670026fa2ca638292b792763b00beb5c407b84a34e5bffd33db81e"
"android";"android/096-profil-takma-ad-degistir.png";"Profil — Takma ad değiştir";"ayse";"/profil";"2026-10-01T16:58:56.941Z";"1080";"2400";"f1489d48d8423acd891fede0734f274b4981e5dda6da423620ede1c43902ea19"
"android";"android/097-profil-kisisel-verilerim-kvkk.png";"Profil — Kişisel verilerim (KVKK)";"ayse";"/profil";"2026-10-01T16:58:58.257Z";"1080";"2400";"3b4b2e887ec22e5b54368db30ae1fd7a13a9a95278e17de5b4a021abeb3c424e"